TEAM,GAME,FG,FGA,FG%,3P,3PA,3P%,FT,FTA,FT%,ORB,DRB,TRB,AST,STL,BLK,TOV,PF,ELO
1,1,39,81,0.481,7,21,0.333,18,27,0.667,10,36,46,20,10,6,15,24,1509
1,2,34,77,0.442,12,26,0.462,18,21,0.857,8,34,42,21,7,3,17,28,1516
1,3,49,76,0.645,7,19,0.368,14,22,0.636,7,31,38,32,20,2,20,21,1527
1,4,41,68,0.603,6,10,0.6,18,25,0.72,8,31,39,30,8,6,18,20,1536
1,5,36,79,0.456,10,19,0.526,30,35,0.857,12,37,49,27,9,3,11,24,1549
1,6,31,73,0.425,6,21,0.286,33,44,0.75,7,35,42,17,12,8,13,24,1565
1,7,33,71,0.465,3,12,0.25,22,31,0.71,10,32,42,21,15,7,14,28,1572
1,8,35,71,0.493,5,14,0.357,17,18,0.944,5,35,40,29,5,2,18,22,1574
1,9,40,75,0.533,4,16,0.25,18,26,0.692,9,32,41,17,6,2,19,33,1569
1,10,38,79,0.481,7,21,0.333,22,28,0.786,12,40,52,26,9,7,17,18,1576
1,11,39,77,0.506,8,17,0.471,21,28,0.75,6,36,42,31,7,2,12,13,1583
1,12,34,78,0.436,6,18,0.333,22,28,0.786,9,25,34,22,4,4,13,18,1587
1,13,37,86,0.43,10,25,0.4,20,29,0.69,10,30,40,26,8,7,12,22,1582
1,14,37,79,0.468,12,22,0.545,18,25,0.72,11,40,51,27,7,6,6,24,1586
1,15,29,73,0.397,10,22,0.455,27,34,0.794,12,28,40,17,15,0,17,17,1590
1,16,27,72,0.375,2,14,0.143,24,32,0.75,11,40,51,15,11,4,15,19,1593
1,17,40,76,0.526,10,22,0.455,23,26,0.885,9,23,32,22,10,3,11,18,1597
1,18,39,74,0.527,9,21,0.429,25,30,0.833,8,36,44,29,9,5,20,21,1605
1,19,33,64,0.516,7,23,0.304,19,22,0.864,7,38,45,22,5,9,17,20,1612
1,20,27,69,0.391,6,22,0.273,30,32,0.938,11,22,33,16,10,3,8,18,1614
1,21,35,75,0.467,8,20,0.4,26,30,0.867,11,30,41,19,12,3,13,14,1617
1,22,37,75,0.493,7,18,0.389,9,16,0.563,4,31,35,18,8,5,9,19,1633
1,23,34,69,0.493,4,14,0.286,13,21,0.619,10,27,37,18,9,3,15,18,1625
1,24,31,70,0.443,12,26,0.462,33,42,0.786,8,38,46,25,12,4,22,26,1628
1,25,38,73,0.521,8,19,0.421,19,24,0.792,6,32,38,24,7,5,14,24,1633
1,26,31,76,0.408,11,22,0.5,16,22,0.727,16,29,45,19,11,4,17,20,1642
1,27,34,86,0.395,9,19,0.474,27,36,0.75,14,28,42,21,4,3,4,15,1645
1,28,37,80,0.463,10,21,0.476,20,26,0.769,14,27,41,22,10,1,11,19,1651
1,29,37,80,0.463,7,22,0.318,29,39,0.744,10,39,49,17,11,4,16,30,1669
1,30,41,77,0.532,4,16,0.25,11,19,0.579,7,27,34,27,8,5,12,20,1670
1,31,36,78,0.462,6,16,0.375,22,25,0.88,7,36,43,22,9,1,14,21,1670
1,32,31,74,0.419,4,16,0.25,26,33,0.788,15,35,50,14,4,4,13,27,1686
1,33,30,72,0.417,4,20,0.2,19,24,0.792,10,30,40,19,7,6,17,24,1650
1,34,34,71,0.479,5,17,0.294,13,21,0.619,5,39,44,18,8,7,15,18,1658
1,35,26,63,0.413,9,25,0.36,17,23,0.739,7,23,30,21,13,9,19,23,1647
1,36,31,74,0.419,5,20,0.25,16,22,0.727,11,26,37,17,4,7,14,22,1632
1,37,34,78,0.436,7,26,0.269,25,38,0.658,13,28,41,20,5,4,8,24,1636
1,38,43,73,0.589,14,22,0.636,16,21,0.762,10,20,30,31,6,6,16,29,1639
1,39,41,75,0.547,4,11,0.364,23,29,0.793,11,31,42,18,10,1,15,22,1646
1,40,44,89,0.494,7,21,0.333,17,22,0.773,16,23,39,30,11,5,12,19,1631
1,41,29,69,0.42,4,16,0.25,25,30,0.833,12,35,47,17,7,7,23,17,1631
1,42,35,84,0.417,7,18,0.389,16,18,0.889,13,25,38,14,11,2,11,23,1626
1,43,40,78,0.513,10,21,0.476,27,35,0.771,10,41,51,22,12,5,14,27,1630
1,44,33,77,0.429,5,11,0.455,25,29,0.862,12,25,37,13,6,3,8,25,1634
1,45,42,74,0.568,9,18,0.5,20,22,0.909,7,22,29,21,8,2,19,29,1630
1,46,42,79,0.532,8,16,0.5,19,25,0.76,10,30,40,24,10,5,19,29,1631
1,47,34,74,0.459,6,16,0.375,14,17,0.824,5,31,36,21,6,8,15,15,1631
1,48,33,71,0.465,9,23,0.391,23,34,0.676,10,36,46,24,9,0,14,19,1637
1,49,35,83,0.422,10,28,0.357,24,29,0.828,8,34,42,20,10,6,8,23,1641
1,50,38,75,0.507,7,21,0.333,28,36,0.778,10,29,39,29,6,6,15,25,1641
1,51,44,99,0.444,11,33,0.333,19,28,0.679,14,33,47,19,8,6,13,33,1634
1,52,37,77,0.481,11,23,0.478,32,46,0.696,8,29,37,24,8,3,15,28,1630
1,53,30,78,0.385,4,17,0.235,13,16,0.813,8,24,32,14,13,5,20,27,1625
1,54,44,76,0.579,14,21,0.667,10,15,0.667,10,27,37,25,6,1,17,26,1634
1,55,38,69,0.551,8,18,0.444,20,25,0.8,3,34,37,22,10,8,13,22,1645
1,56,34,65,0.523,4,12,0.333,20,29,0.69,5,32,37,27,10,2,19,25,1647
1,57,41,86,0.477,9,19,0.474,17,21,0.81,12,32,44,33,9,5,16,20,1648
1,58,37,83,0.446,7,21,0.333,17,21,0.81,12,36,48,26,9,7,13,22,1649
1,59,35,76,0.461,3,8,0.375,17,24,0.708,10,40,50,23,2,5,11,20,1657
1,60,36,79,0.456,6,18,0.333,38,43,0.884,12,43,55,23,9,9,20,26,1659
1,61,47,81,0.58,15,30,0.5,10,15,0.667,11,34,45,31,5,6,14,28,1665
1,62,37,78,0.474,9,23,0.391,17,21,0.81,13,37,50,24,4,6,14,30,1674
1,63,45,89,0.506,5,11,0.455,16,24,0.667,10,36,46,31,7,7,10,17,1675
1,64,32,66,0.485,3,15,0.2,25,34,0.735,11,18,29,20,6,7,14,25,1653
1,65,41,79,0.519,4,14,0.286,13,19,0.684,12,30,42,28,7,1,10,21,1662
1,66,34,73,0.466,3,11,0.273,22,25,0.88,10,30,40,13,9,6,14,24,1669
1,67,38,88,0.432,3,12,0.25,15,17,0.882,15,30,45,18,10,4,11,19,1693
1,68,30,87,0.345,4,16,0.25,30,35,0.857,12,37,49,16,10,9,8,21,1699
1,69,41,74,0.554,7,21,0.333,17,22,0.773,11,33,44,21,4,2,20,26,1693
1,70,34,75,0.453,7,20,0.35,15,20,0.75,6,28,34,28,8,5,15,28,1672
1,71,45,86,0.523,5,13,0.385,22,28,0.786,17,24,41,27,10,4,14,21,1683
1,72,44,74,0.595,4,16,0.25,20,22,0.909,2,38,40,26,2,3,6,24,1693
1,73,32,83,0.386,7,27,0.259,17,22,0.773,22,32,54,23,13,4,14,25,1693
1,74,35,71,0.493,14,25,0.56,22,28,0.786,11,34,45,24,7,8,19,26,1698
1,75,35,79,0.443,6,24,0.25,16,21,0.762,12,39,51,27,9,3,18,24,1699
1,76,34,78,0.436,6,17,0.353,27,34,0.794,15,39,54,14,13,5,13,18,1706
1,77,36,73,0.493,7,22,0.318,28,39,0.718,8,34,42,21,11,3,23,28,1708
1,78,34,76,0.447,13,30,0.433,14,21,0.667,14,32,46,24,6,4,20,21,1689
1,79,44,87,0.506,10,20,0.5,4,5,0.8,11,35,46,33,6,4,13,24,1690
1,80,34,72,0.472,5,12,0.417,26,29,0.897,8,31,39,21,7,6,12,23,1697
1,81,37,77,0.481,7,16,0.438,18,26,0.692,9,34,43,13,7,5,14,20,1698
1,82,37,82,0.451,8,15,0.533,23,30,0.767,12,32,44,22,10,6,13,24,1699
2,1,43,86,0.5,4,11,0.364,15,23,0.652,15,27,42,29,10,3,13,27,1507
2,2,43,88,0.489,4,11,0.364,17,25,0.68,12,33,45,30,12,7,17,31,1517
2,3,44,80,0.55,7,14,0.5,22,29,0.759,8,24,32,28,13,3,14,26,1521
2,4,41,79,0.519,9,15,0.6,15,19,0.789,12,31,43,32,5,5,18,21,1495
2,5,40,81,0.494,6,21,0.286,24,30,0.8,11,23,34,24,6,4,9,25,1497
2,6,35,89,0.393,8,21,0.381,10,19,0.526,19,25,44,24,8,2,19,32,1500
2,7,43,77,0.558,8,12,0.667,19,25,0.76,13,22,35,30,10,3,14,20,1509
2,8,45,87,0.517,4,10,0.4,15,17,0.882,13,24,37,31,11,5,18,23,1516
2,9,42,93,0.452,3,12,0.25,21,26,0.808,12,38,50,16,6,14,13,25,1501
2,10,41,92,0.446,1,8,0.125,20,28,0.714,17,34,51,23,8,1,12,34,1484
2,11,31,76,0.408,6,13,0.462,22,33,0.667,13,39,52,18,5,5,13,25,1480
2,12,32,74,0.432,3,18,0.167,25,43,0.581,15,29,44,25,11,3,12,32,1489
2,13,45,82,0.549,3,10,0.3,14,18,0.778,4,22,26,28,12,1,11,24,1485
2,14,40,87,0.46,3,13,0.231,11,16,0.688,16,30,46,27,13,3,15,22,1481
2,15,39,83,0.47,2,12,0.167,24,29,0.828,14,32,46,19,14,3,18,23,1477
2,16,37,84,0.44,5,12,0.417,22,27,0.815,16,32,48,28,8,2,9,22,1486
2,17,42,80,0.525,7,14,0.5,15,19,0.789,12,34,46,23,7,3,11,25,1506
2,18,47,81,0.58,6,10,0.6,18,26,0.692,15,25,40,22,7,2,7,26,1500
2,19,44,86,0.512,8,21,0.381,16,22,0.727,18,31,49,22,6,5,15,19,1513
2,20,50,84,0.595,9,17,0.529,18,24,0.75,13,26,39,29,6,7,14,21,1505
2,21,39,90,0.433,6,14,0.429,24,32,0.75,22,35,57,24,11,7,14,18,1514
2,22,48,84,0.571,4,12,0.333,23,33,0.697,10,31,41,28,10,6,16,29,1508
2,23,42,82,0.512,2,6,0.333,28,31,0.903,15,31,46,26,9,3,17,16,1512
2,24,43,88,0.489,11,19,0.579,16,17,0.941,14,28,42,25,7,6,11,15,1513
2,25,42,81,0.519,7,14,0.5,9,14,0.643,13,28,41,22,13,6,11,22,1527
2,26,38,87,0.437,6,13,0.462,15,24,0.625,17,30,47,19,6,4,14,25,1536
2,27,42,87,0.483,9,17,0.529,27,35,0.771,16,30,46,24,9,6,13,23,1552
2,28,36,85,0.424,6,17,0.353,17,22,0.773,20,30,50,17,9,3,20,17,1554
2,29,43,95,0.453,4,17,0.235,10,12,0.833,18,32,50,30,11,2,13,23,1566
2,30,49,91,0.538,4,10,0.4,15,17,0.882,14,26,40,29,6,3,11,19,1554
2,31,45,85,0.529,4,12,0.333,19,25,0.76,20,31,51,27,9,3,19,26,1560
2,32,44,74,0.595,9,15,0.6,16,23,0.696,11,37,48,27,7,5,23,19,1580
2,33,45,96,0.469,9,16,0.563,21,22,0.955,19,30,49,28,11,6,10,17,1566
2,34,41,88,0.466,7,18,0.389,27,30,0.9,16,30,46,26,10,2,14,24,1560
2,35,50,94,0.532,7,21,0.333,9,17,0.529,23,29,52,33,9,2,13,17,1560
2,36,34,78,0.436,10,21,0.476,14,26,0.538,17,21,38,17,4,4,13,11,1555
2,37,40,76,0.526,14,22,0.636,17,21,0.81,14,23,37,24,4,4,14,20,1546
2,38,38,88,0.432,8,23,0.348,15,19,0.789,21,27,48,23,14,2,15,17,1536
2,39,42,86,0.488,7,15,0.467,13,19,0.684,16,30,46,31,7,3,15,25,1538
2,40,36,83,0.434,7,17,0.412,23,37,0.622,19,30,49,26,9,3,21,30,1546
2,41,35,83,0.422,6,19,0.316,17,25,0.68,21,29,50,26,9,8,20,23,1548
2,42,32,79,0.405,12,27,0.444,22,28,0.786,21,30,51,14,11,0,21,20,1541
2,43,37,73,0.507,7,13,0.538,24,28,0.857,13,27,40,23,12,4,16,18,1531
2,44,45,82,0.549,6,15,0.4,3,9,0.333,15,28,43,29,8,6,14,19,1523
2,45,37,93,0.398,7,23,0.304,18,22,0.818,12,27,39,26,8,4,7,22,1532
2,46,37,84,0.44,1,12,0.083,21,32,0.656,12,22,34,28,13,4,10,28,1546
2,47,38,84,0.452,4,13,0.308,19,27,0.704,20,22,42,26,10,3,11,23,1541
2,48,39,74,0.527,8,14,0.571,25,32,0.781,12,32,44,22,8,3,17,22,1546
2,49,39,98,0.398,9,20,0.45,25,33,0.758,20,27,47,19,11,4,10,27,1541
2,50,39,79,0.494,12,24,0.5,13,16,0.813,14,29,43,27,6,2,14,20,1537
2,51,42,86,0.488,8,16,0.5,18,24,0.75,17,29,46,20,11,4,11,24,1531
2,52,39,84,0.464,6,12,0.5,18,27,0.667,22,31,53,27,8,3,11,17,1547
2,53,38,79,0.481,7,16,0.438,13,16,0.813,15,30,45,23,5,7,12,15,1542
2,54,36,86,0.419,5,18,0.278,27,31,0.871,13,31,44,20,7,0,14,28,1554
2,55,40,90,0.444,13,27,0.481,18,22,0.818,15,30,45,27,7,4,8,17,1571
2,56,43,92,0.467,7,20,0.35,27,30,0.9,17,30,47,28,10,3,11,14,1573
2,57,46,89,0.517,11,20,0.55,7,10,0.7,14,31,45,25,14,4,23,20,1580
2,58,42,84,0.5,4,16,0.25,19,25,0.76,15,38,53,32,13,8,16,14,1585
2,59,41,74,0.554,10,15,0.667,23,34,0.676,15,24,39,33,12,9,22,20,1587
2,60,41,91,0.451,5,24,0.208,15,23,0.652,16,30,46,25,12,4,9,20,1593
2,61,28,76,0.368,5,13,0.385,11,13,0.846,13,27,40,17,6,3,20,19,1623
2,62,40,83,0.482,3,11,0.273,20,27,0.741,13,28,41,18,12,5,15,19,1627
2,63,47,90,0.522,7,16,0.438,7,8,0.875,15,25,40,30,11,5,11,17,1630
2,64,37,89,0.416,7,19,0.368,16,19,0.842,15,32,47,20,5,9,8,25,1623
2,65,38,86,0.442,5,18,0.278,17,25,0.68,10,33,43,26,8,3,6,27,1616
2,66,28,67,0.418,3,15,0.2,30,37,0.811,7,33,40,20,11,6,14,24,1622
2,67,38,74,0.514,4,15,0.267,27,35,0.771,12,45,57,22,5,6,15,27,1631
2,68,43,86,0.5,6,18,0.333,16,23,0.696,16,26,42,24,6,7,12,15,1637
2,69,45,83,0.542,8,16,0.5,13,20,0.65,12,31,43,32,9,7,14,28,1648
2,70,36,80,0.45,6,14,0.429,28,35,0.8,19,27,46,19,10,3,14,15,1650
2,71,38,81,0.469,8,18,0.444,26,38,0.684,14,31,45,23,12,5,12,25,1636
2,72,34,81,0.42,4,18,0.222,28,34,0.824,15,26,41,22,12,5,14,28,1638
2,73,47,86,0.547,13,20,0.65,19,24,0.792,14,33,47,38,8,2,17,23,1617
2,74,32,79,0.405,8,20,0.4,18,21,0.857,10,26,36,17,9,5,10,20,1610
2,75,37,87,0.425,6,18,0.333,17,28,0.607,23,27,50,21,8,2,8,24,1598
2,76,42,89,0.472,6,18,0.333,23,35,0.657,26,26,52,23,8,4,17,18,1588
2,77,45,83,0.542,9,25,0.36,13,14,0.929,14,24,38,28,11,5,12,22,1589
2,78,34,70,0.486,11,20,0.55,19,24,0.792,12,30,42,26,13,2,10,14,1575
2,79,33,85,0.388,4,18,0.222,16,23,0.696,18,34,52,21,4,3,13,16,1569
2,80,43,87,0.494,11,23,0.478,13,17,0.765,13,40,53,28,12,3,18,19,1584
2,81,40,90,0.444,11,25,0.44,8,13,0.615,22,26,48,27,10,6,19,31,1575
2,82,41,89,0.461,4,13,0.308,17,23,0.739,12,34,46,17,7,4,9,24,1567
3,1,42,74,0.568,1,13,0.077,22,32,0.688,8,29,37,28,7,8,19,23,1513
3,2,44,93,0.473,10,24,0.417,17,20,0.85,14,34,48,29,13,3,16,20,1525
3,3,37,86,0.43,7,20,0.35,15,20,0.75,21,35,56,26,10,8,19,18,1534
3,4,38,88,0.432,6,19,0.316,24,32,0.75,19,30,49,20,9,3,11,19,1543
3,5,36,73,0.493,9,24,0.375,17,21,0.81,12,34,46,25,8,2,10,17,1561
3,6,43,90,0.478,3,14,0.214,15,25,0.6,13,28,41,28,10,4,15,21,1565
3,7,39,90,0.433,7,24,0.292,12,17,0.706,15,33,48,28,8,3,11,19,1571
3,8,36,80,0.45,3,7,0.429,28,36,0.778,10,38,48,25,6,3,7,21,1581
3,9,46,83,0.554,7,16,0.438,11,14,0.786,14,31,45,29,9,3,20,16,1600
3,10,41,81,0.506,7,17,0.412,8,10,0.8,9,35,44,34,2,4,10,20,1607
3,11,45,92,0.489,9,20,0.45,14,22,0.636,16,33,49,28,8,9,17,25,1610
3,12,40,81,0.494,2,11,0.182,28,47,0.596,15,31,46,21,8,6,14,25,1619
3,13,37,82,0.451,8,24,0.333,18,21,0.857,11,30,41,17,4,3,11,23,1617
3,14,29,76,0.382,3,12,0.25,27,35,0.771,14,31,45,14,6,6,13,16,1622
3,15,45,90,0.5,8,14,0.571,18,23,0.783,19,36,55,28,5,2,16,20,1627
3,16,38,85,0.447,7,13,0.538,14,20,0.7,11,30,41,29,8,4,10,17,1629
3,17,41,81,0.506,4,6,0.667,21,29,0.724,11,19,30,27,10,1,13,28,1634
3,18,52,95,0.547,3,9,0.333,7,10,0.7,15,28,43,40,10,1,10,16,1636
3,19,33,79,0.418,5,15,0.333,9,11,0.818,15,29,44,17,3,3,10,19,1629
3,20,37,88,0.42,10,24,0.417,5,9,0.556,10,28,38,27,8,7,12,22,1615
3,21,40,79,0.506,5,12,0.417,18,23,0.783,12,28,40,29,11,3,14,18,1617
3,22,40,81,0.494,9,22,0.409,24,33,0.727,11,38,49,25,13,3,19,19,1623
3,23,32,90,0.356,6,21,0.286,17,23,0.739,19,30,49,22,10,6,10,17,1624
3,24,45,101,0.446,11,23,0.478,28,36,0.778,24,32,56,27,11,4,12,25,1629
3,25,38,90,0.422,7,20,0.35,10,12,0.833,21,30,51,16,8,6,9,18,1644
3,26,43,91,0.473,9,21,0.429,16,20,0.8,14,24,38,24,13,5,12,23,1646
3,27,44,90,0.489,8,18,0.444,17,20,0.85,15,34,49,21,11,4,11,13,1648
3,28,38,88,0.432,8,26,0.308,11,19,0.579,24,27,51,30,10,2,11,17,1659
3,29,39,85,0.459,6,19,0.316,19,25,0.76,17,24,41,19,7,5,11,28,1652
3,30,34,65,0.523,7,14,0.5,27,37,0.73,12,27,39,20,8,1,16,24,1654
3,31,29,86,0.337,6,22,0.273,17,25,0.68,19,35,54,18,6,2,10,18,1655
3,32,44,82,0.537,3,11,0.273,19,25,0.76,19,33,52,30,9,3,12,15,1657
3,33,40,87,0.46,10,27,0.37,12,18,0.667,18,27,45,25,9,3,8,19,1665
3,34,47,93,0.505,4,14,0.286,18,27,0.667,21,24,45,25,13,1,8,21,1675
3,35,45,92,0.489,11,22,0.5,9,14,0.643,14,39,53,29,7,5,8,20,1693
3,36,38,88,0.432,8,20,0.4,24,28,0.857,19,21,40,23,11,1,10,19,1694
3,37,48,93,0.516,6,16,0.375,10,15,0.667,18,29,47,32,4,5,9,14,1698
3,38,44,79,0.557,4,13,0.308,8,11,0.727,8,30,38,33,14,6,11,17,1702
3,39,33,91,0.363,4,23,0.174,16,18,0.889,19,31,50,21,7,5,12,18,1696
3,40,34,76,0.447,8,25,0.32,12,16,0.75,12,30,42,23,11,1,19,9,1699
3,41,30,71,0.423,4,13,0.308,23,26,0.885,19,30,49,21,5,1,22,17,1713
3,42,47,84,0.56,7,13,0.538,9,12,0.75,5,23,28,36,11,1,12,17,1714
3,43,46,83,0.554,2,8,0.25,17,23,0.739,15,24,39,30,17,2,20,12,1715
3,44,42,81,0.519,5,19,0.263,22,28,0.786,10,29,39,24,10,5,12,20,1720
3,45,48,90,0.533,7,18,0.389,12,15,0.8,16,30,46,27,13,2,13,21,1726
3,46,35,73,0.479,5,15,0.333,16,19,0.842,9,25,34,23,9,3,13,29,1736
3,47,32,75,0.427,3,12,0.25,21,29,0.724,11,22,33,18,5,6,7,20,1739
3,48,35,81,0.432,8,19,0.421,12,18,0.667,10,23,33,30,4,7,12,21,1727
3,49,41,82,0.5,5,15,0.333,16,21,0.762,16,27,43,26,9,2,14,21,1728
3,50,37,82,0.451,6,18,0.333,9,17,0.529,14,31,45,15,7,4,16,14,1733
3,51,45,90,0.5,8,20,0.4,12,15,0.8,21,32,53,36,12,7,15,20,1736
3,52,53,98,0.541,10,21,0.476,18,23,0.783,20,21,41,42,11,2,7,22,1737
3,53,39,74,0.527,8,13,0.615,17,25,0.68,11,28,39,21,8,1,15,19,1740
3,54,42,85,0.494,11,26,0.423,25,32,0.781,16,38,54,32,15,1,16,18,1742
3,55,46,99,0.465,8,17,0.471,16,17,0.941,28,32,60,33,9,3,14,16,1745
3,56,25,76,0.329,1,14,0.071,19,24,0.792,17,31,48,12,6,3,11,15,1738
3,57,45,85,0.529,10,17,0.588,26,38,0.684,15,35,50,32,11,5,14,21,1740
3,58,41,84,0.488,7,17,0.412,19,25,0.76,15,32,47,30,10,2,14,20,1741
3,59,42,103,0.408,9,24,0.375,18,23,0.783,26,38,64,33,16,9,11,13,1742
3,60,34,72,0.472,4,13,0.308,32,39,0.821,15,35,50,26,9,5,18,23,1743
3,61,32,79,0.405,4,18,0.222,25,32,0.781,15,25,40,15,6,0,11,28,1737
3,62,49,91,0.538,2,15,0.133,17,20,0.85,16,35,51,29,8,5,17,23,1738
3,63,40,87,0.46,8,15,0.533,20,25,0.8,17,30,47,29,11,4,13,27,1739
3,64,37,95,0.389,6,20,0.3,18,22,0.818,23,27,50,25,5,7,12,19,1729
3,65,44,82,0.537,5,12,0.417,6,12,0.5,13,31,44,33,12,6,14,18,1737
3,66,33,83,0.398,4,15,0.267,19,26,0.731,20,34,54,21,7,5,20,24,1739
3,67,40,78,0.513,5,8,0.625,32,36,0.889,14,31,45,26,6,5,14,23,1747
3,68,40,85,0.471,7,23,0.304,16,19,0.842,16,41,57,30,5,1,15,26,1753
3,69,38,86,0.442,5,15,0.333,13,15,0.867,20,28,48,29,8,3,12,17,1753
3,70,40,84,0.476,3,11,0.273,13,19,0.684,15,29,44,26,8,6,14,15,1756
3,71,45,90,0.5,11,24,0.458,10,13,0.769,13,23,36,31,9,4,10,16,1756
3,72,43,77,0.558,5,13,0.385,20,29,0.69,8,36,44,25,11,8,24,19,1756
3,73,43,83,0.518,4,13,0.308,12,16,0.75,7,22,29,27,6,2,11,20,1741
3,74,31,64,0.484,3,13,0.231,19,30,0.633,8,29,37,22,7,9,8,16,1743
3,75,39,71,0.549,10,19,0.526,22,31,0.71,12,26,38,21,9,3,15,21,1750
3,76,53,107,0.495,12,22,0.545,10,16,0.625,28,38,66,36,11,12,16,26,1751
3,77,30,76,0.395,6,15,0.4,20,25,0.8,17,31,48,14,13,2,16,24,1755
3,78,37,88,0.42,9,17,0.529,22,28,0.786,14,23,37,19,9,4,10,16,1760
3,79,38,83,0.458,4,13,0.308,11,16,0.688,14,27,41,26,2,1,10,13,1747
3,80,48,96,0.5,12,29,0.414,9,12,0.75,13,37,50,44,8,11,9,22,1748
3,81,38,81,0.469,7,15,0.467,9,14,0.643,10,28,38,24,4,2,18,26,1742
3,82,40,75,0.533,4,11,0.364,17,24,0.708,5,29,34,31,9,7,14,22,1730
4,1,38,94,0.404,9,29,0.31,10,17,0.588,11,39,50,26,5,7,10,21,1496
4,2,41,84,0.488,13,29,0.448,11,17,0.647,12,42,54,29,7,2,19,25,1526
4,3,39,86,0.453,6,25,0.24,18,21,0.857,14,35,49,25,4,4,11,19,1530
4,4,42,81,0.519,8,22,0.364,15,20,0.75,7,36,43,28,5,9,16,19,1540
4,5,33,83,0.398,7,27,0.259,23,32,0.719,9,39,48,21,5,2,11,12,1544
4,6,45,88,0.511,10,26,0.385,8,12,0.667,11,34,45,29,9,0,17,20,1547
4,7,38,83,0.458,8,24,0.333,17,25,0.68,11,37,48,25,5,4,10,20,1549
4,8,37,74,0.5,11,24,0.458,33,43,0.767,11,24,35,24,9,6,16,21,1551
4,9,33,78,0.423,6,28,0.214,18,31,0.581,12,37,49,12,6,1,12,19,1560
4,10,37,91,0.407,14,38,0.368,17,27,0.63,14,40,54,21,6,8,20,24,1555
4,11,38,80,0.475,11,33,0.333,12,20,0.6,3,37,40,21,8,2,14,25,1549
4,12,40,71,0.563,11,24,0.458,24,30,0.8,13,30,43,29,3,2,17,24,1552
4,13,41,85,0.482,11,29,0.379,16,19,0.842,11,40,51,27,4,8,14,22,1559
4,14,43,81,0.531,18,35,0.514,13,22,0.591,8,33,41,34,5,3,10,15,1562
4,15,36,82,0.439,14,29,0.483,13,16,0.813,9,33,42,22,4,2,10,20,1558
4,16,34,81,0.42,8,25,0.32,19,25,0.76,12,38,50,17,3,2,16,22,1569
4,17,35,87,0.402,9,27,0.333,11,17,0.647,12,37,49,20,9,11,19,19,1569
4,18,28,83,0.337,9,30,0.3,20,23,0.87,10,37,47,15,8,3,18,18,1546
4,19,39,89,0.438,10,33,0.303,20,24,0.833,12,31,43,18,8,1,14,26,1533
4,20,31,85,0.365,6,28,0.214,16,24,0.667,11,25,36,14,8,1,14,26,1529
4,21,40,79,0.506,9,21,0.429,16,20,0.8,6,24,30,18,10,4,8,18,1530
4,22,41,72,0.569,11,21,0.524,18,27,0.667,9,36,45,28,12,0,18,19,1561
4,23,36,78,0.462,8,23,0.348,9,10,0.9,6,40,46,17,5,7,14,17,1579
4,24,41,88,0.466,12,29,0.414,10,13,0.769,16,26,42,29,6,1,16,22,1583
4,25,40,85,0.471,11,25,0.44,17,21,0.81,6,34,40,25,11,6,10,19,1584
4,26,32,83,0.386,5,22,0.227,22,25,0.88,14,34,48,23,6,4,7,15,1586
4,27,30,95,0.316,5,30,0.167,18,25,0.72,17,38,55,12,6,4,11,22,1584
4,28,28,77,0.364,11,31,0.355,9,15,0.6,9,33,42,21,4,2,17,20,1555
4,29,33,71,0.465,17,41,0.415,18,25,0.72,10,27,37,21,8,8,17,18,1560
4,30,38,86,0.442,4,22,0.182,13,22,0.591,9,35,44,17,12,3,12,16,1566
4,31,34,82,0.415,12,37,0.324,24,39,0.615,12,41,53,24,6,1,4,17,1579
4,32,41,74,0.554,17,33,0.515,23,26,0.885,11,29,40,25,6,4,13,22,1590
4,33,48,89,0.539,12,29,0.414,13,19,0.684,13,31,44,16,9,3,10,20,1598
4,34,43,81,0.531,13,27,0.481,26,29,0.897,10,33,43,23,8,5,11,19,1611
4,35,35,90,0.389,9,32,0.281,16,23,0.696,13,38,51,20,9,2,10,16,1613
4,36,40,97,0.412,17,44,0.386,13,16,0.813,17,29,46,28,12,4,9,21,1620
4,37,38,82,0.463,10,26,0.385,9,11,0.818,9,34,43,15,4,2,17,23,1618
4,38,34,87,0.391,8,35,0.229,15,23,0.652,17,32,49,19,10,6,14,24,1630
4,39,37,77,0.481,7,19,0.368,17,25,0.68,8,28,36,22,3,4,15,25,1610
4,40,36,77,0.468,5,17,0.294,14,20,0.7,6,39,45,15,6,3,13,13,1614
4,41,42,83,0.506,13,28,0.464,18,24,0.75,14,33,47,29,5,2,13,31,1620
4,42,35,94,0.372,4,24,0.167,9,22,0.409,16,32,48,17,5,5,4,18,1599
4,43,45,89,0.506,11,31,0.355,13,20,0.65,12,31,43,30,7,3,15,18,1599
4,44,45,81,0.556,11,28,0.393,14,16,0.875,10,27,37,34,12,3,13,17,1601
4,45,39,83,0.47,9,23,0.391,27,29,0.931,10,37,47,20,4,1,7,25,1610
4,46,45,82,0.549,9,23,0.391,18,21,0.857,10,33,43,24,4,4,9,21,1624
4,47,44,88,0.5,7,22,0.318,16,23,0.696,10,35,45,22,8,3,16,19,1630
4,48,38,83,0.458,10,28,0.357,11,14,0.786,3,25,28,16,9,5,7,19,1619
4,49,37,87,0.425,8,30,0.267,21,35,0.6,15,32,47,21,8,6,14,25,1609
4,50,39,90,0.433,14,41,0.341,7,7,1,10,39,49,21,6,6,12,17,1611
4,51,45,94,0.479,16,35,0.457,14,19,0.737,12,41,53,27,7,5,14,25,1614
4,52,48,94,0.511,13,31,0.419,11,18,0.611,13,33,46,26,6,1,6,20,1614
4,53,42,91,0.462,7,24,0.292,15,17,0.882,11,41,52,21,8,8,10,22,1617
4,54,41,80,0.513,10,23,0.435,23,27,0.852,13,36,49,25,4,1,12,21,1648
4,55,34,79,0.43,8,26,0.308,12,13,0.923,5,35,40,19,8,2,17,21,1625
4,56,45,91,0.495,13,32,0.406,11,17,0.647,12,35,47,26,11,1,9,20,1628
4,57,35,74,0.473,12,24,0.5,15,21,0.714,10,29,39,21,4,0,14,26,1625
4,58,32,80,0.4,9,29,0.31,26,30,0.867,6,33,39,20,6,2,14,26,1610
4,59,35,83,0.422,9,29,0.31,21,25,0.84,9,31,40,22,4,2,11,15,1611
4,60,42,90,0.467,12,27,0.444,12,16,0.75,8,39,47,24,9,5,9,19,1617
4,61,42,82,0.512,10,30,0.333,26,34,0.765,15,32,47,27,8,4,15,21,1624
4,62,36,80,0.45,7,29,0.241,24,29,0.828,13,36,49,23,9,7,25,22,1612
4,63,39,90,0.433,13,44,0.295,29,35,0.829,15,36,51,17,5,1,13,21,1618
4,64,45,85,0.529,16,35,0.457,14,20,0.7,9,29,38,22,4,6,8,20,1620
4,65,41,84,0.488,18,37,0.486,14,20,0.7,9,40,49,23,3,4,8,19,1644
4,66,35,88,0.398,10,43,0.233,5,8,0.625,13,26,39,18,6,3,8,16,1632
4,67,39,88,0.443,10,37,0.27,11,13,0.846,13,35,48,21,9,4,16,19,1633
4,68,38,76,0.5,13,28,0.464,20,27,0.741,9,32,41,23,7,4,19,21,1637
4,69,40,76,0.526,10,24,0.417,11,13,0.846,3,23,26,19,6,3,14,22,1623
4,70,48,86,0.558,15,31,0.484,13,17,0.765,8,35,43,38,10,4,12,19,1627
4,71,40,83,0.482,10,34,0.294,23,27,0.852,17,25,42,29,6,8,12,17,1628
4,72,39,89,0.438,10,38,0.263,7,9,0.778,11,34,45,22,3,2,14,20,1609
4,73,37,83,0.446,14,34,0.412,19,25,0.76,15,38,53,21,6,5,9,23,1617
4,74,31,86,0.36,14,40,0.35,24,28,0.857,10,28,38,21,5,5,11,31,1598
4,75,38,87,0.437,12,38,0.316,19,24,0.792,9,41,50,29,10,7,17,17,1600
4,76,39,98,0.398,12,38,0.316,20,31,0.645,11,46,57,27,9,6,12,23,1606
4,77,45,83,0.542,16,29,0.552,6,13,0.462,15,31,46,34,7,1,17,19,1611
4,78,41,75,0.547,18,36,0.5,9,10,0.9,2,39,41,30,4,8,16,14,1624
4,79,35,74,0.473,8,29,0.276,31,34,0.912,7,26,33,15,7,3,10,19,1609
4,80,36,83,0.434,19,40,0.475,11,18,0.611,12,30,42,24,5,5,15,18,1603
4,81,40,83,0.482,11,29,0.379,18,20,0.9,9,38,47,17,9,4,15,14,1610
4,82,46,97,0.474,7,18,0.389,11,15,0.733,8,35,43,21,4,7,10,23,1596
5,1,33,75,0.44,6,27,0.222,23,32,0.719,7,37,44,21,12,8,22,32,1521
5,2,46,83,0.554,11,23,0.478,24,28,0.857,12,31,43,30,10,4,20,26,1530
5,3,36,81,0.444,6,19,0.316,17,21,0.81,7,34,41,22,11,7,17,16,1538
5,4,43,74,0.581,15,25,0.6,20,20,1,4,35,39,29,7,3,23,22,1545
5,5,39,87,0.448,9,28,0.321,11,17,0.647,15,39,54,22,11,8,26,19,1558
5,6,33,69,0.478,11,24,0.458,18,21,0.857,3,33,36,16,9,7,26,26,1548
5,7,38,70,0.543,7,20,0.35,17,20,0.85,1,37,38,23,5,4,19,16,1525
5,8,41,90,0.456,11,34,0.324,14,21,0.667,14,31,45,30,7,10,10,16,1529
5,9,45,87,0.517,11,26,0.423,11,14,0.786,11,40,51,30,7,3,14,25,1539
5,10,46,86,0.535,14,28,0.5,30,34,0.882,11,40,51,32,4,5,16,26,1559
5,11,41,82,0.5,6,23,0.261,13,19,0.684,6,34,40,28,10,5,13,18,1562
5,12,33,93,0.355,7,25,0.28,18,24,0.75,13,39,52,26,7,8,9,18,1564
5,13,43,75,0.573,13,28,0.464,15,23,0.652,5,40,45,21,6,9,11,24,1580
5,14,44,85,0.518,12,26,0.462,11,19,0.579,8,39,47,30,7,6,15,19,1589
5,15,42,99,0.424,7,26,0.269,15,16,0.938,16,30,46,28,7,8,12,26,1592
5,16,37,79,0.468,9,21,0.429,21,27,0.778,9,40,49,24,5,8,16,19,1594
5,17,38,82,0.463,8,27,0.296,14,18,0.778,13,36,49,25,8,5,15,15,1595
5,18,47,100,0.47,10,22,0.455,8,17,0.471,18,38,56,31,11,8,9,8,1602
5,19,40,89,0.449,12,30,0.4,20,25,0.8,15,25,40,27,14,6,11,21,1616
5,20,42,91,0.462,5,22,0.227,13,14,0.929,15,36,51,24,15,6,17,18,1619
5,21,40,81,0.494,8,23,0.348,17,20,0.85,6,37,43,21,9,5,15,16,1631
5,22,37,83,0.446,10,32,0.313,21,27,0.778,9,36,45,21,7,7,13,24,1645
5,23,44,86,0.512,11,24,0.458,29,35,0.829,8,38,46,22,7,9,19,19,1651
5,24,39,95,0.411,9,31,0.29,11,12,0.917,15,34,49,18,9,11,14,19,1648
5,25,48,94,0.511,12,31,0.387,6,10,0.6,10,29,39,32,9,7,9,15,1649
5,26,49,91,0.538,9,25,0.36,21,24,0.875,10,35,45,36,9,6,12,19,1651
5,27,39,84,0.464,12,26,0.462,15,17,0.882,11,28,39,20,8,2,19,18,1634
5,28,34,80,0.425,6,28,0.214,12,22,0.545,8,36,44,24,11,4,16,21,1627
5,29,41,88,0.466,11,28,0.393,17,21,0.81,9,34,43,32,17,6,16,21,1627
5,30,46,82,0.561,12,28,0.429,22,27,0.815,8,34,42,38,19,11,14,20,1628
5,31,49,92,0.533,12,28,0.429,16,20,0.8,14,31,45,35,8,8,9,18,1641
5,32,41,88,0.466,15,28,0.536,20,32,0.625,10,44,54,27,8,4,12,22,1647
5,33,45,91,0.495,12,28,0.429,15,20,0.75,10,29,39,30,11,3,11,23,1649
5,34,43,86,0.5,10,30,0.333,16,17,0.941,9,35,44,35,9,8,13,20,1653
5,35,46,91,0.505,13,25,0.52,11,13,0.846,6,25,31,32,10,5,9,16,1658
5,36,38,81,0.469,13,29,0.448,15,19,0.789,10,26,36,29,5,5,13,21,1661
5,37,42,92,0.457,9,24,0.375,22,28,0.786,13,30,43,24,10,2,14,14,1646
5,38,50,91,0.549,9,22,0.409,22,33,0.667,12,37,49,32,11,11,14,21,1676
5,39,44,81,0.543,13,27,0.481,21,27,0.778,7,46,53,30,10,6,13,14,1683
5,40,49,98,0.5,13,29,0.448,15,18,0.833,16,30,46,26,13,9,16,23,1690
5,41,45,94,0.479,17,40,0.425,19,22,0.864,12,34,46,32,13,8,17,22,1692
5,42,42,89,0.472,8,23,0.348,22,25,0.88,9,38,47,29,9,3,13,20,1692
5,43,48,113,0.425,9,33,0.273,6,12,0.5,15,33,48,31,9,2,13,15,1679
5,44,37,86,0.43,8,27,0.296,18,25,0.72,11,30,41,21,8,2,13,19,1661
5,45,40,87,0.46,12,32,0.375,14,18,0.778,9,35,44,27,11,8,15,20,1668
5,46,46,91,0.505,10,23,0.435,19,26,0.731,14,35,49,33,13,5,11,23,1677
5,47,45,86,0.523,19,38,0.5,19,25,0.76,10,36,46,29,5,5,13,22,1682
5,48,47,103,0.456,12,33,0.364,10,15,0.667,19,32,51,31,7,7,14,24,1678
5,49,37,81,0.457,12,25,0.48,20,24,0.833,12,36,48,21,8,5,14,19,1680
5,50,34,85,0.4,7,29,0.241,14,19,0.737,6,34,40,26,15,5,14,14,1681
5,51,40,90,0.444,7,27,0.259,7,9,0.778,10,39,49,26,7,6,15,18,1681
5,52,41,84,0.488,17,33,0.515,11,18,0.611,7,33,40,29,10,5,12,18,1685
5,53,34,89,0.382,9,26,0.346,21,22,0.955,13,32,45,19,9,5,9,25,1671
5,54,45,90,0.5,12,23,0.522,12,17,0.706,4,25,29,27,12,1,9,17,1680
5,55,39,92,0.424,11,29,0.379,10,19,0.526,14,30,44,32,10,6,14,24,1669
5,56,42,87,0.483,13,28,0.464,16,19,0.842,9,38,47,31,11,5,12,22,1689
5,57,40,95,0.421,12,34,0.353,14,17,0.824,15,40,55,19,4,8,10,18,1692
5,58,42,90,0.467,11,30,0.367,13,18,0.722,17,33,50,26,11,7,15,20,1683
5,59,37,73,0.507,14,34,0.412,14,25,0.56,4,30,34,30,16,8,16,24,1685
5,60,38,81,0.469,11,23,0.478,17,19,0.895,9,42,51,28,5,11,22,21,1690
5,61,40,80,0.5,10,22,0.455,16,23,0.696,7,30,37,23,13,3,13,15,1693
5,62,35,83,0.422,13,31,0.419,15,19,0.789,9,39,48,17,11,8,18,21,1703
5,63,44,84,0.524,7,20,0.35,10,13,0.769,10,32,42,29,5,6,17,11,1703
5,64,39,92,0.424,8,19,0.421,17,22,0.773,9,26,35,29,5,10,8,25,1682
5,65,45,90,0.5,19,34,0.559,16,17,0.941,8,34,42,34,13,6,9,16,1682
5,66,40,84,0.476,7,27,0.259,21,23,0.913,7,30,37,28,16,7,14,21,1682
5,67,44,84,0.524,14,30,0.467,12,20,0.6,10,34,44,39,8,7,18,23,1697
5,68,44,88,0.5,5,19,0.263,19,23,0.826,12,30,42,29,9,6,10,19,1700
5,69,38,78,0.487,8,18,0.444,22,26,0.846,7,30,37,25,11,3,10,17,1702
5,70,39,95,0.411,13,33,0.394,16,21,0.762,19,43,62,23,9,6,11,14,1710
5,71,50,83,0.602,12,26,0.462,10,11,0.909,6,40,46,37,4,5,13,18,1722
5,72,39,90,0.433,16,31,0.516,13,17,0.765,14,29,43,28,15,5,14,17,1745
5,73,42,82,0.512,12,25,0.48,12,14,0.857,7,38,45,27,7,8,22,23,1751
5,74,38,85,0.447,8,21,0.381,26,34,0.765,10,33,43,28,6,1,9,20,1758
5,75,43,93,0.462,10,26,0.385,11,17,0.647,15,35,50,29,6,5,13,20,1758
5,76,43,95,0.453,14,36,0.389,23,32,0.719,17,38,55,28,12,4,14,37,1767
5,77,39,91,0.429,9,28,0.321,5,10,0.5,10,29,39,25,4,2,10,13,1755
5,78,42,95,0.442,9,22,0.409,7,10,0.7,11,39,50,25,6,12,11,21,1745
5,79,48,90,0.533,12,26,0.462,8,9,0.889,9,35,44,27,6,5,13,12,1747
5,80,42,93,0.452,11,31,0.355,15,21,0.714,13,37,50,28,10,5,12,19,1747
5,81,39,74,0.527,13,24,0.542,20,27,0.741,6,33,39,30,9,7,21,22,1749
5,82,47,90,0.522,13,28,0.464,26,34,0.765,14,27,41,30,11,6,13,25,1749
6,1,40,85,0.471,7,33,0.212,13,18,0.722,8,27,35,24,11,6,16,19,1468
6,2,44,91,0.484,9,28,0.321,25,28,0.893,9,40,49,32,8,2,14,22,1481
6,3,35,83,0.422,8,29,0.276,28,33,0.848,7,36,43,27,6,5,15,23,1492
6,4,50,89,0.562,10,26,0.385,17,23,0.739,7,38,45,36,14,4,16,19,1517
6,5,46,89,0.517,14,30,0.467,16,20,0.8,15,31,46,27,9,14,15,18,1528
6,6,39,86,0.453,5,32,0.156,14,20,0.7,9,31,40,26,13,3,20,13,1515
6,7,45,90,0.5,16,35,0.457,10,12,0.833,10,28,38,35,14,4,15,17,1520
6,8,43,74,0.581,17,33,0.515,13,22,0.591,5,34,39,33,3,5,15,22,1529
6,9,46,85,0.541,14,30,0.467,19,20,0.95,9,35,44,33,15,6,15,18,1552
6,10,45,87,0.517,16,33,0.485,27,31,0.871,8,35,43,32,8,7,16,20,1557
6,11,44,87,0.506,13,36,0.361,26,28,0.929,7,28,35,33,9,7,12,25,1569
6,12,44,90,0.489,9,28,0.321,7,12,0.583,9,41,50,33,10,7,11,20,1584
6,13,42,95,0.442,14,38,0.368,26,32,0.813,18,27,45,30,8,5,12,25,1587
6,14,40,90,0.444,13,36,0.361,27,32,0.844,12,48,60,31,9,10,12,17,1613
6,15,53,86,0.616,19,36,0.528,24,35,0.686,6,42,48,47,7,5,10,20,1623
6,16,43,83,0.518,11,28,0.393,12,17,0.706,4,40,44,31,10,10,17,21,1640
6,17,45,81,0.556,11,22,0.5,14,17,0.824,12,33,45,25,9,8,18,14,1641
6,18,37,85,0.435,12,35,0.343,19,24,0.792,7,34,41,25,6,10,14,20,1643
6,19,43,104,0.413,12,44,0.273,29,37,0.784,13,41,54,31,12,7,17,27,1628
6,20,49,78,0.628,14,21,0.667,26,34,0.765,6,32,38,37,9,5,17,19,1630
6,21,54,104,0.519,14,37,0.378,20,26,0.769,16,38,54,45,12,13,11,22,1638
6,22,42,89,0.472,7,31,0.226,24,29,0.828,12,34,46,32,11,5,10,24,1662
6,23,39,80,0.488,12,29,0.414,16,23,0.696,9,38,47,26,10,4,16,23,1671
6,24,34,77,0.442,9,27,0.333,12,20,0.6,10,32,42,15,6,8,23,23,1661
6,25,38,83,0.458,13,32,0.406,27,30,0.9,6,31,37,30,9,4,8,24,1663
6,26,42,95,0.442,14,34,0.412,15,19,0.789,9,36,45,30,6,5,12,12,1664
6,27,45,96,0.469,9,32,0.281,4,8,0.5,15,42,57,41,7,10,17,17,1667
6,28,51,87,0.586,14,28,0.5,19,26,0.731,9,47,56,36,7,5,15,16,1675
6,29,40,90,0.444,9,23,0.391,15,17,0.882,9,41,50,24,13,3,10,18,1684
6,30,47,104,0.452,12,37,0.324,11,14,0.786,11,40,51,29,19,7,12,19,1687
6,31,43,77,0.558,11,27,0.407,22,24,0.917,4,37,41,35,9,2,22,21,1692
6,32,37,77,0.481,9,30,0.3,25,29,0.862,5,37,42,25,8,4,19,24,1690
6,33,46,81,0.568,14,23,0.609,15,18,0.833,9,42,51,33,4,9,20,16,1695
6,34,42,84,0.5,11,33,0.333,13,15,0.867,4,39,43,31,5,4,13,12,1695
6,35,50,95,0.526,11,25,0.44,16,21,0.762,12,31,43,33,7,2,13,14,1695
6,36,44,87,0.506,13,36,0.361,24,29,0.828,8,31,39,31,14,9,15,20,1695
6,37,41,83,0.494,8,30,0.267,29,39,0.744,7,37,44,23,7,5,16,21,1674
6,38,45,89,0.506,10,29,0.345,17,20,0.85,13,33,46,33,11,6,17,22,1679
6,39,39,86,0.453,11,27,0.407,18,22,0.818,5,43,48,28,6,7,11,16,1679
6,40,50,89,0.562,15,29,0.517,12,18,0.667,6,31,37,39,14,4,18,14,1683
6,41,46,91,0.505,15,34,0.441,19,24,0.792,11,47,58,37,10,11,16,22,1699
6,42,46,85,0.541,10,21,0.476,19,27,0.704,11,35,46,35,11,8,18,16,1705
6,43,47,89,0.528,15,38,0.395,16,21,0.762,8,33,41,30,8,7,14,18,1725
6,44,42,89,0.472,19,42,0.452,15,19,0.789,13,39,52,27,8,4,18,15,1730
6,45,41,88,0.466,8,30,0.267,12,20,0.6,7,36,43,27,9,4,14,20,1719
6,46,39,82,0.476,11,28,0.393,24,27,0.889,5,36,41,23,7,14,12,19,1725
6,47,57,92,0.62,17,34,0.5,13,16,0.813,9,39,48,35,9,7,11,17,1735
6,48,36,79,0.456,8,26,0.308,33,39,0.846,8,31,39,28,13,6,18,18,1736
6,49,47,96,0.49,21,48,0.438,11,14,0.786,9,38,47,35,9,13,10,18,1738
6,50,52,99,0.525,14,34,0.412,15,18,0.833,15,31,46,38,10,2,11,26,1748
6,51,36,87,0.414,15,44,0.341,19,24,0.792,7,33,40,22,10,10,17,17,1736
6,52,48,85,0.565,15,28,0.536,12,13,0.923,5,40,45,37,9,5,12,17,1740
6,53,39,77,0.506,15,33,0.455,29,38,0.763,5,29,34,31,14,13,12,26,1751
6,54,46,87,0.529,13,31,0.419,25,35,0.714,10,30,40,28,10,3,11,22,1762
6,55,45,92,0.489,8,32,0.25,12,13,0.923,4,23,27,25,12,6,9,13,1733
6,56,41,84,0.488,13,36,0.361,14,21,0.667,6,40,46,32,10,10,8,16,1734
6,57,43,81,0.531,13,25,0.52,24,26,0.923,10,43,53,31,11,11,21,27,1736
6,58,42,100,0.42,11,31,0.355,17,22,0.773,13,39,52,30,10,11,11,17,1736
6,59,40,89,0.449,6,29,0.207,33,39,0.846,16,29,45,31,14,4,13,18,1739
6,60,39,84,0.464,8,29,0.276,22,27,0.815,13,28,41,28,10,6,19,23,1731
6,61,34,88,0.386,6,30,0.2,13,14,0.929,6,35,41,23,10,6,15,18,1718
6,62,40,88,0.455,13,35,0.371,19,23,0.826,11,24,35,21,11,3,8,18,1721
6,63,41,87,0.471,20,44,0.455,17,22,0.773,13,30,43,33,10,4,14,22,1726
6,64,37,84,0.44,6,30,0.2,6,9,0.667,12,34,46,23,8,12,17,20,1699
6,65,41,88,0.466,7,24,0.292,13,17,0.765,12,31,43,25,9,5,12,21,1691
6,66,33,92,0.359,5,17,0.294,14,23,0.609,20,29,49,19,10,4,15,16,1684
6,67,32,88,0.364,14,32,0.438,28,35,0.8,13,30,43,24,12,11,18,24,1684
6,68,50,87,0.575,10,26,0.385,12,23,0.522,7,40,47,36,14,9,12,18,1687
6,69,45,75,0.6,12,23,0.522,15,19,0.789,6,38,44,30,5,6,12,16,1691
6,70,40,83,0.482,15,33,0.455,16,21,0.762,9,37,46,28,8,8,16,22,1705
6,71,43,78,0.551,13,30,0.433,13,16,0.813,4,42,46,34,10,2,16,20,1712
6,72,44,89,0.494,10,31,0.323,16,18,0.889,13,31,44,37,14,8,12,15,1713
6,73,39,71,0.549,17,31,0.548,11,15,0.733,7,30,37,30,9,4,18,15,1715
6,74,45,88,0.511,11,41,0.268,12,16,0.75,8,36,44,33,9,7,16,29,1726
6,75,43,85,0.506,13,26,0.5,11,11,1,10,25,35,31,7,7,15,22,1745
6,76,43,95,0.453,11,32,0.344,10,14,0.714,13,30,43,27,10,14,10,20,1749
6,77,50,88,0.568,16,36,0.444,23,26,0.885,10,34,44,34,7,10,16,20,1754
6,78,44,84,0.524,14,32,0.438,19,24,0.792,8,32,40,33,9,7,13,19,1755
6,79,45,89,0.506,13,30,0.433,17,24,0.708,7,32,39,25,13,9,15,19,1756
6,80,49,96,0.51,10,33,0.303,15,16,0.938,14,39,53,37,2,4,9,15,1757
6,81,39,80,0.488,9,25,0.36,12,17,0.706,8,34,42,25,5,6,13,17,1737
6,82,41,90,0.456,12,36,0.333,15,22,0.682,14,40,54,26,14,8,20,17,1738
7,1,37,79,0.468,7,16,0.438,17,29,0.586,11,34,45,22,8,7,15,21,1506
7,2,33,77,0.429,6,16,0.375,33,43,0.767,12,29,41,22,8,8,14,33,1514
7,3,41,73,0.562,4,12,0.333,31,42,0.738,8,35,43,23,12,11,15,20,1524
7,4,35,68,0.515,2,11,0.182,28,42,0.667,5,25,30,22,14,8,18,30,1526
7,5,45,88,0.511,7,16,0.438,13,19,0.684,12,35,47,30,12,10,19,18,1536
7,6,37,82,0.451,4,17,0.235,30,47,0.638,17,38,55,23,8,9,14,29,1541
7,7,41,92,0.446,4,15,0.267,12,18,0.667,14,28,42,18,9,5,7,21,1545
7,8,30,74,0.405,6,22,0.273,17,30,0.567,13,23,36,14,7,5,15,19,1535
7,9,36,90,0.4,3,16,0.188,18,24,0.75,19,34,53,24,8,4,12,22,1539
7,10,36,81,0.444,6,13,0.462,20,33,0.606,10,29,39,27,8,10,14,21,1547
7,11,35,74,0.473,7,12,0.583,12,25,0.48,17,42,59,27,6,6,14,15,1567
7,12,41,77,0.532,2,8,0.25,22,25,0.88,12,27,39,20,10,8,17,24,1572
7,13,41,78,0.526,10,19,0.526,13,24,0.542,11,24,35,27,6,9,11,11,1573
7,14,37,90,0.411,10,31,0.323,20,31,0.645,24,33,57,22,5,12,9,16,1594
7,15,41,81,0.506,5,13,0.385,20,27,0.741,11,27,38,23,7,6,7,23,1607
7,16,38,90,0.422,8,23,0.348,18,21,0.857,8,36,44,25,12,10,9,14,1624
7,17,37,87,0.425,3,18,0.167,21,39,0.538,17,35,52,23,7,6,12,22,1626
7,18,36,90,0.4,4,19,0.211,15,24,0.625,16,33,49,18,6,5,9,28,1623
7,19,40,91,0.44,4,20,0.2,9,21,0.429,17,27,44,24,7,9,10,25,1592
7,20,43,88,0.489,2,9,0.222,22,28,0.786,12,43,55,24,10,6,10,27,1600
7,21,38,80,0.475,3,16,0.188,22,32,0.688,9,33,42,25,8,5,10,25,1602
7,22,39,89,0.438,12,20,0.6,17,23,0.739,18,35,53,22,3,9,12,21,1605
7,23,45,94,0.479,5,21,0.238,13,18,0.722,19,29,48,32,2,6,15,26,1590
7,24,34,85,0.4,8,25,0.32,12,18,0.667,9,40,49,20,7,3,10,19,1591
7,25,37,90,0.411,5,24,0.208,11,14,0.786,10,26,36,18,6,8,15,30,1576
7,26,33,86,0.384,7,18,0.389,13,23,0.565,16,35,51,20,4,7,15,19,1565
7,27,46,91,0.505,12,22,0.545,10,13,0.769,10,26,36,31,3,6,3,23,1567
7,28,32,82,0.39,6,13,0.462,17,21,0.81,14,30,44,21,10,8,13,17,1570
7,29,47,94,0.5,7,21,0.333,17,21,0.81,15,36,51,31,7,4,10,14,1580
7,30,42,79,0.532,4,12,0.333,21,29,0.724,12,30,42,19,12,3,13,11,1597
7,31,46,89,0.517,9,15,0.6,20,25,0.8,13,31,44,27,7,3,6,25,1618
7,32,42,86,0.488,6,14,0.429,19,33,0.576,11,42,53,27,10,10,11,20,1638
7,33,37,93,0.398,9,21,0.429,19,30,0.633,11,26,37,26,9,3,6,25,1630
7,34,34,83,0.41,11,25,0.44,25,40,0.625,16,35,51,28,12,7,17,31,1618
7,35,48,97,0.495,10,22,0.455,14,17,0.824,15,30,45,32,14,8,8,17,1623
7,36,37,92,0.402,11,26,0.423,11,14,0.786,17,25,42,22,5,6,10,23,1595
7,37,41,88,0.466,7,21,0.333,9,12,0.75,13,30,43,15,9,6,8,17,1621
7,38,37,82,0.451,3,22,0.136,14,21,0.667,14,23,37,23,11,4,16,26,1584
7,39,32,80,0.4,7,15,0.467,19,31,0.613,12,34,46,21,3,6,9,18,1577
7,40,35,79,0.443,2,11,0.182,22,26,0.846,10,34,44,17,7,4,12,20,1580
7,41,36,85,0.424,3,17,0.176,12,18,0.667,10,32,42,20,4,6,9,24,1572
7,42,50,87,0.575,7,17,0.412,20,24,0.833,17,38,55,26,10,6,18,15,1590
7,43,41,88,0.466,6,17,0.353,23,36,0.639,16,35,51,23,4,3,9,16,1605
7,44,41,75,0.547,11,20,0.55,7,9,0.778,10,27,37,28,9,5,13,19,1610
7,45,37,93,0.398,6,21,0.286,21,26,0.808,17,40,57,25,4,3,9,24,1624
7,46,33,76,0.434,3,17,0.176,20,26,0.769,13,22,35,17,9,3,20,24,1593
7,47,43,89,0.483,10,22,0.455,7,14,0.5,15,29,44,29,4,3,7,21,1596
7,48,38,85,0.447,8,15,0.533,8,12,0.667,13,25,38,25,7,3,10,18,1603
7,49,31,74,0.419,7,21,0.333,21,34,0.618,10,32,42,19,7,9,12,23,1585
7,50,39,85,0.459,10,23,0.435,17,22,0.773,11,25,36,24,7,4,9,28,1577
7,51,42,80,0.525,9,20,0.45,15,19,0.789,9,37,46,31,10,2,21,26,1568
7,52,43,86,0.5,3,12,0.25,15,22,0.682,8,22,30,20,7,4,5,20,1574
7,53,36,77,0.468,5,16,0.313,19,29,0.655,11,28,39,19,9,1,14,20,1579
7,54,42,87,0.483,9,19,0.474,14,19,0.737,17,31,48,21,11,3,11,22,1589
7,55,36,80,0.45,9,19,0.474,18,26,0.692,8,26,34,22,6,2,5,23,1603
7,56,38,83,0.458,10,20,0.5,15,21,0.714,9,29,38,29,5,5,9,21,1598
7,57,36,73,0.493,4,12,0.333,20,29,0.69,1,41,42,25,10,12,20,25,1602
7,58,40,91,0.44,4,16,0.25,11,20,0.55,23,35,58,21,9,4,14,21,1604
7,59,34,71,0.479,8,15,0.533,25,43,0.581,11,39,50,21,4,5,14,23,1611
7,60,32,75,0.427,4,18,0.222,16,25,0.64,16,28,44,17,7,7,22,28,1604
7,61,46,87,0.529,7,21,0.333,18,27,0.667,13,28,41,23,6,9,7,25,1606
7,62,42,92,0.457,4,11,0.364,19,25,0.76,16,36,52,24,13,8,9,19,1616
7,63,37,84,0.44,4,13,0.308,32,48,0.667,16,39,55,20,10,8,17,26,1619
7,64,35,78,0.449,5,9,0.556,23,34,0.676,13,26,39,21,12,5,8,21,1621
7,65,41,84,0.488,8,23,0.348,15,22,0.682,7,37,44,30,5,5,8,17,1624
7,66,36,82,0.439,3,12,0.25,23,32,0.719,11,34,45,18,5,1,10,30,1617
7,67,31,77,0.403,6,18,0.333,22,31,0.71,9,30,39,16,10,9,20,32,1610
7,68,38,78,0.487,4,21,0.19,14,21,0.667,11,36,47,25,12,2,20,28,1616
7,69,41,81,0.506,5,16,0.313,10,15,0.667,7,29,36,26,10,2,18,22,1623
7,70,43,78,0.551,9,26,0.346,26,35,0.743,11,27,38,27,2,4,14,25,1624
7,71,38,83,0.458,6,16,0.375,24,37,0.649,17,21,38,21,4,4,12,26,1611
7,72,34,81,0.42,2,9,0.222,21,28,0.75,13,42,55,22,5,7,12,17,1617
7,73,34,80,0.425,4,12,0.333,24,28,0.857,13,30,43,18,6,10,13,22,1621
7,74,42,82,0.512,10,18,0.556,19,23,0.826,11,34,45,28,7,4,14,17,1636
7,75,36,86,0.419,9,25,0.36,11,15,0.733,16,21,37,14,7,5,10,18,1632
7,76,28,82,0.341,3,19,0.158,22,25,0.88,8,33,41,11,8,7,13,21,1620
7,77,37,75,0.493,4,13,0.308,18,27,0.667,9,34,43,23,3,8,8,17,1625
7,78,42,76,0.553,5,13,0.385,23,26,0.885,7,40,47,29,8,11,14,28,1632
7,79,35,77,0.455,4,16,0.25,22,26,0.846,7,38,45,15,5,3,9,25,1637
7,80,39,87,0.448,11,23,0.478,31,40,0.775,8,37,45,27,7,2,19,32,1629
7,81,41,80,0.513,5,14,0.357,24,30,0.8,9,32,41,25,6,2,10,24,1631
7,82,44,101,0.436,8,24,0.333,13,16,0.813,15,35,50,22,12,2,9,23,1640
8,1,37,79,0.468,7,10,0.7,15,18,0.833,9,40,49,19,8,7,15,17,1509
8,2,41,80,0.513,10,19,0.526,25,33,0.758,14,37,51,28,7,3,16,19,1544
8,3,33,87,0.379,6,17,0.353,32,43,0.744,15,38,53,18,8,5,15,25,1554
8,4,33,85,0.388,8,22,0.364,32,45,0.711,15,39,54,14,12,9,12,17,1560
8,5,42,79,0.532,9,17,0.529,18,23,0.783,14,36,50,26,13,10,18,19,1569
8,6,42,95,0.442,2,13,0.154,20,26,0.769,20,28,48,16,13,5,15,19,1578
8,7,32,78,0.41,6,16,0.375,23,28,0.821,9,31,40,20,11,4,9,19,1587
8,8,40,95,0.421,4,19,0.211,11,16,0.688,16,27,43,24,8,5,11,30,1564
8,9,46,98,0.469,5,15,0.333,19,25,0.76,14,29,43,27,16,11,15,24,1567
8,10,42,90,0.467,10,21,0.476,11,14,0.786,9,32,41,25,6,5,7,19,1580
8,11,41,84,0.488,6,22,0.273,16,20,0.8,13,30,43,22,12,9,14,20,1588
8,12,45,87,0.517,8,14,0.571,20,28,0.714,14,32,46,28,11,3,17,16,1590
8,13,44,87,0.506,8,21,0.381,24,37,0.649,12,39,51,24,10,4,9,23,1598
8,14,47,96,0.49,6,20,0.3,14,15,0.933,17,28,45,23,8,9,10,8,1600
8,15,47,92,0.511,4,18,0.222,14,16,0.875,15,39,54,34,10,3,19,18,1604
8,16,39,76,0.513,6,19,0.316,33,45,0.733,8,33,41,18,10,5,16,23,1598
8,17,43,74,0.581,6,13,0.462,22,27,0.815,9,32,41,24,7,4,16,18,1605
8,18,37,74,0.5,10,20,0.5,22,31,0.71,11,27,38,25,8,4,15,18,1606
8,19,34,70,0.486,5,14,0.357,32,41,0.78,14,35,49,23,12,4,25,25,1608
8,20,35,87,0.402,9,24,0.375,22,26,0.846,15,28,43,22,4,7,16,23,1586
8,21,40,82,0.488,8,24,0.333,27,35,0.771,12,31,43,30,11,5,14,20,1589
8,22,42,84,0.5,7,15,0.467,21,35,0.6,10,36,46,23,7,4,11,24,1590
8,23,38,85,0.447,5,15,0.333,17,19,0.895,9,37,46,26,8,7,10,17,1590
8,24,45,95,0.474,6,23,0.261,20,25,0.8,15,34,49,30,9,5,11,17,1591
8,25,35,74,0.473,7,16,0.438,10,19,0.526,10,30,40,16,7,1,21,23,1586
8,26,36,87,0.414,7,21,0.333,24,25,0.96,10,30,40,14,8,2,9,30,1584
8,27,40,74,0.541,6,15,0.4,19,27,0.704,9,28,37,24,9,6,13,18,1590
8,28,33,75,0.44,6,15,0.4,28,32,0.875,11,28,39,17,7,6,11,21,1612
8,29,36,78,0.462,8,20,0.4,12,15,0.8,7,28,35,27,6,9,11,18,1622
8,30,47,91,0.516,10,22,0.455,26,32,0.813,16,31,47,33,12,4,16,27,1623
8,31,39,85,0.459,3,17,0.176,32,42,0.762,12,34,46,22,10,6,10,18,1629
8,32,33,67,0.493,8,20,0.4,26,33,0.788,7,34,41,18,7,5,13,24,1635
8,33,36,86,0.419,16,34,0.471,17,22,0.773,12,27,39,24,4,2,12,25,1620
8,34,41,91,0.451,5,19,0.263,27,29,0.931,15,36,51,22,7,5,16,16,1623
8,35,44,78,0.564,5,16,0.313,28,37,0.757,8,26,34,28,7,2,13,21,1623
8,36,37,83,0.446,9,17,0.529,25,31,0.806,17,36,53,26,6,3,17,16,1624
8,37,41,81,0.506,5,11,0.455,18,24,0.75,9,25,34,22,4,4,7,14,1633
8,38,47,83,0.566,9,16,0.563,8,11,0.727,8,24,32,20,9,2,11,14,1631
8,39,37,93,0.398,9,26,0.346,20,27,0.741,12,28,40,19,7,3,11,24,1623
8,40,44,84,0.524,10,24,0.417,7,15,0.467,17,28,45,27,9,7,15,17,1639
8,41,43,86,0.5,5,21,0.238,17,23,0.739,17,29,46,25,5,9,13,16,1641
8,42,45,84,0.536,8,19,0.421,19,23,0.826,13,28,41,35,8,4,13,18,1641
8,43,32,69,0.464,7,17,0.412,28,32,0.875,6,37,43,20,8,8,18,16,1650
8,44,43,99,0.434,7,22,0.318,17,23,0.739,11,31,42,19,4,9,12,26,1624
8,45,48,95,0.505,10,27,0.37,26,33,0.788,19,34,53,23,5,7,12,25,1631
8,46,44,82,0.537,4,16,0.25,23,28,0.821,12,26,38,18,8,3,14,19,1636
8,47,44,84,0.524,7,16,0.438,31,36,0.861,13,39,52,25,6,8,16,23,1644
8,48,45,89,0.506,7,17,0.412,18,23,0.783,10,35,45,25,6,7,4,20,1648
8,49,42,88,0.477,9,22,0.409,17,29,0.586,12,30,42,21,12,3,11,24,1656
8,50,43,88,0.489,3,20,0.15,12,16,0.75,12,30,42,25,7,5,6,16,1676
8,51,45,99,0.455,5,20,0.25,10,17,0.588,16,40,56,21,7,4,13,18,1676
8,52,42,90,0.467,5,19,0.263,20,26,0.769,13,26,39,18,10,2,13,28,1670
8,53,42,96,0.438,7,21,0.333,5,10,0.5,28,39,67,30,6,9,23,23,1674
8,54,46,92,0.5,9,21,0.429,28,33,0.848,18,25,43,33,10,4,14,17,1678
8,55,38,92,0.413,7,21,0.333,32,38,0.842,12,41,53,26,5,3,10,22,1679
8,56,43,82,0.524,5,13,0.385,20,27,0.741,4,32,36,32,12,3,15,20,1681
8,57,41,78,0.526,7,15,0.467,18,23,0.783,3,27,30,21,10,3,11,21,1684
8,58,54,94,0.574,9,20,0.45,15,20,0.75,14,35,49,38,13,7,16,22,1692
8,59,28,94,0.298,2,21,0.095,21,27,0.778,22,31,53,14,7,1,14,28,1684
8,60,42,94,0.447,8,26,0.308,19,20,0.95,15,28,43,19,12,4,15,32,1676
8,61,40,90,0.444,4,16,0.25,15,21,0.714,18,26,44,28,13,13,10,21,1676
8,62,41,84,0.488,8,19,0.421,20,26,0.769,6,35,41,23,8,13,4,21,1677
8,63,36,82,0.439,8,24,0.333,14,16,0.875,11,27,38,22,6,4,13,25,1663
8,64,43,86,0.5,2,11,0.182,14,20,0.7,11,25,36,17,15,4,12,18,1671
8,65,43,83,0.518,4,9,0.444,12,15,0.8,11,31,42,17,9,6,11,14,1683
8,66,42,80,0.525,8,22,0.364,15,22,0.682,14,35,49,22,8,8,16,22,1685
8,67,37,74,0.5,7,18,0.389,12,15,0.8,10,33,43,28,5,5,18,19,1671
8,68,45,90,0.5,8,16,0.5,16,20,0.8,11,39,50,24,8,7,22,21,1672
8,69,45,91,0.495,11,21,0.524,16,28,0.571,14,25,39,22,16,3,10,24,1678
8,70,43,86,0.5,5,13,0.385,16,17,0.941,9,32,41,24,10,4,13,17,1682
8,71,35,77,0.455,6,18,0.333,16,19,0.842,7,32,39,24,8,1,13,17,1691
8,72,41,87,0.471,7,21,0.333,14,19,0.737,11,26,37,29,11,5,11,17,1694
8,73,28,80,0.35,4,20,0.2,16,23,0.696,15,35,50,14,7,7,14,15,1683
8,74,38,97,0.392,4,14,0.286,4,6,0.667,18,24,42,22,8,4,10,21,1669
8,75,34,72,0.472,5,13,0.385,31,36,0.861,10,31,41,15,13,3,20,20,1672
8,76,34,86,0.395,7,18,0.389,18,21,0.857,11,31,42,20,11,4,10,21,1676
8,77,33,78,0.423,5,20,0.25,17,29,0.586,9,29,38,21,7,3,10,24,1676
8,78,47,92,0.511,6,19,0.316,22,29,0.759,12,38,50,21,11,4,6,15,1678
8,79,37,87,0.425,5,24,0.208,37,46,0.804,18,33,51,21,9,2,11,25,1686
8,80,38,85,0.447,7,18,0.389,15,20,0.75,14,25,39,19,2,1,11,31,1677
8,81,38,84,0.452,3,15,0.2,13,16,0.813,9,38,47,20,13,4,10,21,1678
8,82,48,86,0.558,8,13,0.615,21,24,0.875,7,23,30,39,11,8,16,31,1682
9,1,43,79,0.544,8,16,0.5,26,32,0.813,5,31,36,25,8,5,8,20,1506
9,2,33,71,0.465,7,20,0.35,11,13,0.846,7,34,41,18,4,5,21,18,1494
9,3,43,83,0.518,10,25,0.4,23,27,0.852,7,25,32,26,9,8,8,16,1496
9,4,47,86,0.547,15,26,0.577,15,19,0.789,7,42,49,33,7,4,15,22,1507
9,5,40,77,0.519,10,24,0.417,13,16,0.813,8,32,40,25,8,5,12,18,1520
9,6,37,76,0.487,7,22,0.318,14,16,0.875,8,28,36,22,8,2,14,22,1530
9,7,30,79,0.38,4,15,0.267,22,36,0.611,15,28,43,18,8,6,13,16,1518
9,8,45,89,0.506,10,21,0.476,13,20,0.65,13,31,44,26,4,4,11,24,1525
9,9,35,77,0.455,9,21,0.429,21,29,0.724,11,25,36,22,11,6,19,25,1518
9,10,36,77,0.468,13,27,0.481,13,16,0.813,5,24,29,24,5,9,11,14,1527
9,11,38,71,0.535,8,19,0.421,13,19,0.684,4,32,36,20,10,3,19,21,1535
9,12,41,86,0.477,8,18,0.444,23,33,0.697,12,42,54,25,7,4,15,13,1540
9,13,36,69,0.522,9,19,0.474,29,37,0.784,9,30,39,21,5,5,18,25,1540
9,14,42,86,0.488,5,13,0.385,16,19,0.842,7,30,37,22,11,2,10,18,1547
9,15,40,78,0.513,7,20,0.35,15,19,0.789,8,27,35,20,12,3,10,25,1559
9,16,41,89,0.461,8,28,0.286,11,16,0.688,12,31,43,27,6,2,12,20,1545
9,17,32,76,0.421,6,16,0.375,22,28,0.786,7,36,43,17,7,4,14,21,1535
9,18,40,69,0.58,7,11,0.636,19,24,0.792,2,31,33,23,12,7,16,18,1537
9,19,39,67,0.582,9,21,0.429,14,22,0.636,2,30,32,23,10,3,14,18,1546
9,20,38,80,0.475,7,22,0.318,12,15,0.8,6,32,38,18,6,3,17,13,1540
9,21,40,79,0.506,8,27,0.296,14,21,0.667,11,32,43,25,9,2,12,15,1542
9,22,36,77,0.468,13,25,0.52,18,23,0.783,6,18,24,25,12,14,8,18,1546
9,23,42,78,0.538,10,28,0.357,16,18,0.889,8,39,47,25,8,4,18,14,1562
9,24,38,73,0.521,11,24,0.458,18,22,0.818,6,33,39,23,12,5,16,19,1568
9,25,38,80,0.475,8,28,0.286,19,19,1,9,25,34,20,6,5,13,26,1576
9,26,37,81,0.457,12,23,0.522,19,25,0.76,9,35,44,21,9,5,13,25,1581
9,27,39,77,0.506,9,29,0.31,12,16,0.75,10,25,35,18,6,5,14,16,1563
9,28,33,76,0.434,4,13,0.308,15,24,0.625,13,38,51,18,3,5,20,17,1554
9,29,40,85,0.471,6,21,0.286,26,35,0.743,9,24,33,24,9,3,7,17,1557
9,30,42,89,0.472,10,26,0.385,25,31,0.806,7,39,46,21,12,8,9,16,1559
9,31,30,65,0.462,5,20,0.25,24,31,0.774,4,24,28,17,8,2,12,22,1546
9,32,38,82,0.463,8,21,0.381,15,16,0.938,10,40,50,20,6,8,9,12,1548
9,33,28,68,0.412,8,19,0.421,13,18,0.722,7,29,36,13,5,10,14,21,1542
9,34,35,77,0.455,6,19,0.316,14,20,0.7,8,37,45,20,9,6,17,21,1539
9,35,45,80,0.563,17,37,0.459,21,24,0.875,10,26,36,35,11,11,10,19,1557
9,36,39,72,0.542,9,23,0.391,10,16,0.625,5,18,23,25,8,4,14,24,1549
9,37,36,90,0.4,8,29,0.276,12,18,0.667,13,38,51,24,11,5,11,22,1572
9,38,40,83,0.482,2,13,0.154,17,23,0.739,4,31,35,22,14,2,6,27,1582
9,39,45,82,0.549,9,22,0.409,24,38,0.632,16,37,53,26,5,3,13,21,1583
9,40,43,77,0.558,5,17,0.294,19,23,0.826,9,27,36,24,12,4,12,17,1587
9,41,39,96,0.406,5,23,0.217,15,20,0.75,17,36,53,19,6,6,20,27,1582
9,42,43,83,0.518,11,19,0.579,8,14,0.571,13,25,38,21,10,3,13,20,1606
9,43,33,70,0.471,5,14,0.357,18,24,0.75,6,19,25,21,7,6,11,22,1597
9,44,40,75,0.533,3,12,0.25,17,23,0.739,7,27,34,19,10,4,12,23,1606
9,45,41,81,0.506,1,12,0.083,16,24,0.667,12,27,39,23,6,5,11,18,1606
9,46,40,82,0.488,10,23,0.435,24,28,0.857,8,30,38,23,9,6,10,16,1608
9,47,36,68,0.529,15,27,0.556,24,32,0.75,8,28,36,22,11,4,13,21,1623
9,48,44,80,0.55,6,16,0.375,13,14,0.929,10,28,38,19,10,6,11,27,1626
9,49,43,74,0.581,8,19,0.421,23,27,0.852,10,22,32,22,9,7,9,21,1629
9,50,41,88,0.466,11,29,0.379,17,22,0.773,13,33,46,23,10,4,14,29,1646
9,51,37,78,0.474,10,23,0.435,19,25,0.76,5,28,33,23,11,1,11,15,1660
9,52,37,73,0.507,3,13,0.231,9,14,0.643,8,28,36,20,14,6,17,15,1678
9,53,45,77,0.584,9,21,0.429,15,18,0.833,5,32,37,27,9,2,6,10,1686
9,54,39,75,0.52,12,19,0.632,19,24,0.792,6,28,34,23,8,9,11,17,1686
9,55,56,101,0.554,10,23,0.435,19,24,0.792,8,33,41,35,13,9,12,22,1687
9,56,34,73,0.466,10,19,0.526,20,27,0.741,5,30,35,26,7,3,7,19,1691
9,57,39,84,0.464,8,20,0.4,13,19,0.684,10,31,41,20,10,4,14,20,1698
9,58,38,74,0.514,5,21,0.238,16,19,0.842,9,39,48,22,11,5,23,15,1703
9,59,32,74,0.432,6,28,0.214,27,31,0.871,7,26,33,20,11,7,14,17,1703
9,60,42,79,0.532,8,21,0.381,10,13,0.769,10,29,39,23,10,7,15,9,1704
9,61,38,68,0.559,7,14,0.5,22,31,0.71,4,24,28,20,10,5,12,29,1708
9,62,35,82,0.427,6,20,0.3,22,30,0.733,14,31,45,27,14,4,14,14,1710
9,63,35,75,0.467,5,20,0.25,23,27,0.852,10,29,39,25,7,6,13,10,1712
9,64,41,79,0.519,7,15,0.467,18,22,0.818,8,33,41,24,7,5,11,13,1719
9,65,39,67,0.582,10,22,0.455,20,29,0.69,2,24,26,31,8,2,12,14,1724
9,66,42,85,0.494,7,20,0.35,14,21,0.667,10,29,39,25,11,7,14,18,1726
9,67,32,72,0.444,12,29,0.414,22,30,0.733,11,23,34,21,9,6,13,20,1728
9,68,38,68,0.559,8,15,0.533,19,26,0.731,4,29,33,21,15,6,18,14,1729
9,69,38,76,0.5,13,30,0.433,20,23,0.87,4,44,48,28,9,10,10,16,1730
9,70,37,78,0.474,15,28,0.536,19,29,0.655,11,33,44,31,7,6,12,14,1732
9,71,37,77,0.481,7,20,0.35,16,23,0.696,6,25,31,15,11,12,13,17,1724
9,72,42,69,0.609,14,27,0.519,10,16,0.625,3,24,27,30,11,3,13,19,1729
9,73,33,71,0.465,12,28,0.429,10,15,0.667,3,30,33,23,7,8,10,15,1737
9,74,30,60,0.5,8,20,0.4,22,27,0.815,7,25,32,18,7,3,19,19,1710
9,75,31,69,0.449,13,33,0.394,14,17,0.824,11,30,41,26,6,8,20,17,1712
9,76,40,83,0.482,14,25,0.56,12,14,0.857,11,37,48,25,5,3,9,16,1713
9,77,38,88,0.432,8,35,0.229,10,10,1,14,35,49,22,12,3,17,13,1715
9,78,33,75,0.44,17,41,0.415,20,23,0.87,12,35,47,19,7,6,22,18,1717
9,79,39,71,0.549,12,23,0.522,19,28,0.679,5,32,37,28,6,5,14,14,1718
9,80,36,70,0.514,6,17,0.353,27,41,0.659,4,40,44,23,7,8,15,27,1720
9,81,33,66,0.5,13,28,0.464,17,27,0.63,10,35,45,25,2,8,17,19,1720
9,82,42,78,0.538,12,29,0.414,9,19,0.474,6,28,34,31,7,12,11,18,1720
10,1,40,76,0.526,11,20,0.55,10,16,0.625,4,36,40,25,3,6,15,18,1504
10,2,38,94,0.404,5,21,0.238,10,14,0.714,12,38,50,20,7,0,12,18,1514
10,3,47,94,0.5,6,12,0.5,5,8,0.625,12,23,35,24,6,2,12,25,1506
10,4,40,86,0.465,4,16,0.25,18,20,0.9,8,31,39,27,14,9,16,22,1518
10,5,41,85,0.482,6,16,0.375,11,15,0.733,6,33,39,25,5,7,14,17,1519
10,6,31,79,0.392,5,19,0.263,9,18,0.5,11,31,42,19,9,3,12,18,1521
10,7,41,76,0.539,12,28,0.429,26,30,0.867,9,42,51,22,5,4,13,19,1550
10,8,44,89,0.494,13,28,0.464,8,11,0.727,11,39,50,29,9,2,12,15,1572
10,9,39,77,0.506,8,22,0.364,6,8,0.75,5,42,47,28,6,4,17,14,1576
10,10,35,76,0.461,4,15,0.267,17,22,0.773,7,36,43,19,8,5,17,15,1586
10,11,39,81,0.481,8,21,0.381,18,24,0.75,7,34,41,27,12,6,11,14,1587
10,12,42,79,0.532,7,17,0.412,11,16,0.688,11,30,41,25,8,3,15,18,1601
10,13,46,80,0.575,16,24,0.667,18,23,0.783,6,31,37,30,9,5,15,17,1603
10,14,44,81,0.543,10,25,0.4,14,19,0.737,7,38,45,30,12,7,19,18,1608
10,15,36,92,0.391,7,27,0.259,9,14,0.643,12,33,45,19,11,3,12,16,1606
10,16,42,76,0.553,8,17,0.471,17,17,1,7,36,43,24,10,4,19,12,1615
10,17,44,91,0.484,9,26,0.346,9,13,0.692,4,29,33,27,8,9,15,19,1604
10,18,42,78,0.538,6,18,0.333,12,17,0.706,9,39,48,27,6,8,17,10,1605
10,19,41,91,0.451,13,26,0.5,5,6,0.833,10,24,34,24,6,1,11,21,1596
10,20,45,82,0.549,13,23,0.565,13,16,0.813,8,28,36,30,8,3,14,18,1604
10,21,46,88,0.523,4,17,0.235,13,17,0.765,17,35,52,25,8,2,15,21,1613
10,22,48,87,0.552,10,22,0.455,11,13,0.846,7,35,42,32,8,7,13,18,1615
10,23,41,88,0.466,8,20,0.4,10,12,0.833,11,44,55,24,6,1,10,15,1620
10,24,37,76,0.487,6,18,0.333,12,21,0.571,9,27,36,20,8,3,22,27,1611
10,25,41,87,0.471,7,18,0.389,19,24,0.792,14,32,46,23,10,4,18,17,1622
10,26,40,89,0.449,11,27,0.407,13,19,0.684,9,30,39,21,10,2,19,11,1626
10,27,35,82,0.427,9,19,0.474,21,26,0.808,7,30,37,25,7,4,11,18,1615
10,28,41,91,0.451,9,23,0.391,21,27,0.778,16,34,50,27,7,7,13,22,1617
10,29,37,91,0.407,5,20,0.25,19,23,0.826,14,32,46,18,6,9,9,13,1596
10,30,37,75,0.493,7,16,0.438,35,42,0.833,8,38,46,22,9,6,18,25,1609
10,31,44,94,0.468,8,24,0.333,16,19,0.842,10,34,44,29,5,4,4,17,1609
10,32,40,78,0.513,9,20,0.45,24,28,0.857,14,33,47,27,8,6,15,17,1612
10,33,37,77,0.481,14,32,0.438,13,19,0.684,9,25,34,29,5,4,12,16,1592
10,34,50,90,0.556,4,18,0.222,12,16,0.75,11,31,42,34,5,4,12,20,1603
10,35,43,83,0.518,7,24,0.292,17,25,0.68,9,35,44,24,9,5,17,16,1607
10,36,40,76,0.526,9,20,0.45,23,26,0.885,12,43,55,25,6,3,16,10,1617
10,37,42,74,0.568,9,13,0.692,11,14,0.786,7,39,46,31,6,10,20,19,1622
10,38,35,67,0.522,5,12,0.417,26,31,0.839,3,38,41,19,6,7,13,19,1626
10,39,43,80,0.538,7,16,0.438,16,18,0.889,3,31,34,29,6,6,11,18,1626
10,40,38,84,0.452,8,20,0.4,16,20,0.8,7,34,41,21,7,3,12,17,1617
10,41,43,76,0.566,11,18,0.611,13,21,0.619,7,48,55,28,6,8,15,16,1618
10,42,40,75,0.533,10,22,0.455,15,22,0.682,8,22,30,25,10,3,17,17,1610
10,43,41,84,0.488,11,18,0.611,12,17,0.706,15,39,54,26,7,6,22,21,1628
10,44,38,76,0.5,6,22,0.273,19,23,0.826,6,22,28,24,8,4,12,17,1622
10,45,35,82,0.427,6,23,0.261,14,21,0.667,13,26,39,23,6,8,11,31,1615
10,46,33,71,0.465,5,13,0.385,15,16,0.938,6,25,31,16,5,2,19,23,1592
10,47,36,75,0.48,6,22,0.273,17,26,0.654,7,35,42,23,4,7,13,19,1593
10,48,38,81,0.469,5,18,0.278,21,25,0.84,5,29,34,20,9,12,7,16,1598
10,49,48,98,0.49,9,28,0.321,20,25,0.8,11,42,53,30,8,9,20,27,1606
10,50,29,73,0.397,7,21,0.333,24,29,0.828,8,30,38,14,8,7,17,12,1592
10,51,36,77,0.468,8,21,0.381,24,28,0.857,7,36,43,24,7,6,13,16,1596
10,52,43,82,0.524,5,17,0.294,9,11,0.818,8,30,38,27,2,3,19,18,1582
10,53,41,82,0.5,9,19,0.474,13,14,0.929,6,34,40,24,9,2,9,19,1590
10,54,44,88,0.5,9,20,0.45,16,21,0.762,12,36,48,26,5,4,17,28,1609
10,55,43,88,0.489,9,24,0.375,16,21,0.762,9,31,40,16,9,5,14,20,1617
10,56,29,83,0.349,2,21,0.095,25,27,0.926,15,32,47,12,5,0,18,17,1604
10,57,44,82,0.537,9,19,0.474,23,25,0.92,9,28,37,34,10,7,18,16,1606
10,58,34,73,0.466,9,20,0.45,15,15,1,4,40,44,26,4,8,19,15,1609
10,59,39,84,0.464,10,27,0.37,24,28,0.857,11,35,46,28,5,6,13,14,1612
10,60,43,90,0.478,14,33,0.424,22,24,0.917,7,35,42,39,12,10,11,18,1622
10,61,40,79,0.506,9,23,0.391,22,26,0.846,8,37,45,30,9,5,17,17,1637
10,62,43,81,0.531,9,20,0.45,26,35,0.743,8,36,44,26,4,8,13,15,1637
10,63,40,79,0.506,12,21,0.571,12,15,0.8,5,33,38,25,6,3,11,26,1644
10,64,38,88,0.432,11,24,0.458,16,22,0.727,15,40,55,21,11,2,12,21,1649
10,65,48,98,0.49,13,27,0.481,10,13,0.769,18,46,64,36,7,8,15,19,1653
10,66,49,78,0.628,10,16,0.625,14,19,0.737,4,36,40,31,4,5,12,19,1655
10,67,50,95,0.526,12,27,0.444,13,16,0.813,9,43,52,34,9,6,12,21,1662
10,68,36,93,0.387,5,25,0.2,22,27,0.815,13,39,52,18,7,7,9,17,1670
10,69,35,89,0.393,10,28,0.357,19,25,0.76,9,31,40,24,10,6,11,18,1680
10,70,44,79,0.557,13,27,0.481,12,16,0.75,6,41,47,31,9,4,17,17,1680
10,71,43,88,0.489,8,20,0.4,14,20,0.7,13,30,43,30,11,6,21,18,1681
10,72,55,98,0.561,13,24,0.542,10,14,0.714,11,40,51,37,6,10,14,25,1697
10,73,37,78,0.474,9,21,0.429,13,20,0.65,9,37,46,24,7,11,13,16,1700
10,74,37,80,0.463,8,17,0.471,21,25,0.84,15,25,40,18,10,5,8,19,1727
10,75,44,83,0.53,4,19,0.211,19,22,0.864,8,37,45,29,6,2,13,12,1732
10,76,38,88,0.432,9,22,0.409,9,12,0.75,13,29,42,18,5,3,18,18,1723
10,77,43,77,0.558,9,22,0.409,17,18,0.944,6,34,40,27,7,3,15,16,1728
10,78,36,81,0.444,4,17,0.235,15,25,0.6,11,26,37,19,8,7,16,22,1704
10,79,38,88,0.432,16,34,0.471,17,22,0.773,15,33,48,22,9,1,12,22,1713
10,80,43,96,0.448,13,30,0.433,13,16,0.813,11,31,42,24,10,5,7,15,1715
10,81,39,89,0.438,4,17,0.235,16,18,0.889,8,35,43,24,3,2,6,23,1709
10,82,41,99,0.414,10,30,0.333,8,10,0.8,10,39,49,25,3,6,9,19,1670
